-- 切换库
use my_db;

INSERT INTO my_db.app (id, appName, appDesc, appIcon, appType, scoringStrategy, reviewStatus, reviewMessage, reviewerId, reviewTime, userId, createTime, updateTime, isDelete, thumbNum) VALUES (1, '自定义MBTI性格测试', '测试性格', '//p1-arco.byteimg.com/tos-cn-i-uwbnlip3yd/29c1f9d7d17c503c5d7bf4e538cb7c4f.png~tplv-uwbnlip3yd-webp.webp', 1, 0, 1, '现在ok了', 1, '2024-11-12 21:46:53', 1, '2024-11-08 14:22:37', '2024-12-02 22:36:19', 0, 10);
INSERT INTO my_db.app (id, appName, appDesc, appIcon, appType, scoringStrategy, reviewStatus, reviewMessage, reviewerId, reviewTime, userId, createTime, updateTime, isDelete, thumbNum) VALUES (2, '自定义得分测试', '测试得分', '//p1-arco.byteimg.com/tos-cn-i-uwbnlip3yd/04d7bc31dd67dcdf380bc3f6aa07599f.png~tplv-uwbnlip3yd-webp.webp', 0, 0, 1, null, null, null, 1, '2024-11-08 14:22:37', '2024-12-02 22:36:16', 0, 11);
INSERT INTO my_db.app (id, appName, appDesc, appIcon, appType, scoringStrategy, reviewStatus, reviewMessage, reviewerId, reviewTime, userId, createTime, updateTime, isDelete, thumbNum) VALUES (3, 'AI MBTI 性格测试', '快来测测你的 MBTI', '//p1-arco.byteimg.com/tos-cn-i-uwbnlip3yd/1f61854a849a076318ed527c8fca1bbf.png~tplv-uwbnlip3yd-webp.webp', 1, 1, 1, null, null, null, 1, '2024-11-08 14:22:37', '2024-12-01 01:45:57', 0, 45);
INSERT INTO my_db.app (id, appName, appDesc, appIcon, appType, scoringStrategy, reviewStatus, reviewMessage, reviewerId, reviewTime, userId, createTime, updateTime, isDelete, thumbNum) VALUES (4, 'AI 得分测试', '看看你熟悉多少首都', '//p1-arco.byteimg.com/tos-cn-i-uwbnlip3yd/29c1f9d7d17c503c5d7bf4e538cb7c4f.png~tplv-uwbnlip3yd-webp.webp', 0, 1, 1, null, null, null, 1, '2024-11-08 14:22:37', '2024-12-01 02:02:12', 0, 3);
INSERT INTO my_db.app (id, appName, appDesc, appIcon, appType, scoringStrategy, reviewStatus, reviewMessage, reviewerId, reviewTime, userId, createTime, updateTime, isDelete, thumbNum) VALUES (1854848607833026561, 'aaa', '阿巴阿巴', '//p1-arco.byteimg.com/tos-cn-i-uwbnlip3yd/04d7bc31dd67dcdf380bc3f6aa07599f.png~tplv-uwbnlip3yd-webp.webp', 0, 0, 1, '我同意', 1, '2024-11-09 01:37:01', 1, '2024-11-08 19:29:04', '2024-12-02 22:36:45', 0, 53);
INSERT INTO my_db.app (id, appName, appDesc, appIcon, appType, scoringStrategy, reviewStatus, reviewMessage, reviewerId, reviewTime, userId, createTime, updateTime, isDelete, thumbNum) VALUES (1857082822595059714, '看看是否重复调用', 'only for testing no use xixi', '//p1-arco.byteimg.com/tos-cn-i-uwbnlip3yd/1f61854a849a076318ed527c8fca1bbf.png~tplv-uwbnlip3yd-webp.webp', 0, 0, 0, '应用更新，需重新审核', 1, '2024-11-15 00:11:04', 1, '2024-11-14 23:27:02', '2024-11-30 23:14:33', 0, 11);
INSERT INTO my_db.app (id, appName, appDesc, appIcon, appType, scoringStrategy, reviewStatus, reviewMessage, reviewerId, reviewTime, userId, createTime, updateTime, isDelete, thumbNum) VALUES (1857679359876460546, '百词斩', '测测你对英语词汇量如何，根据中文来找到最对应的英语单词', '11', 1, 0, 1, '通过', 1, '2024-11-16 15:08:30', 1, '2024-11-16 14:57:28', '2024-12-01 02:02:20', 0, 100);
INSERT INTO my_db.app (id, appName, appDesc, appIcon, appType, scoringStrategy, reviewStatus, reviewMessage, reviewerId, reviewTime, userId, createTime, updateTime, isDelete, thumbNum) VALUES (1863105429551316994, 'testPic', 'test', 'https://my_db-17-1329436283.cos.ap-shanghai.myqcloud.com/app_icon/1/l3G1FiJG-壁纸.jpg', 0, 0, 1, null, 1, '2024-12-01 14:18:55', 1, '2024-12-01 14:18:43', '2024-12-01 14:19:34', 0, 0);
INSERT INTO my_db.app (id, appName, appDesc, appIcon, appType, scoringStrategy, reviewStatus, reviewMessage, reviewerId, reviewTime, userId, createTime, updateTime, isDelete, thumbNum) VALUES (1863105862504153090, '测试跳转', '111', 'https://my_db-17-1329436283.cos.ap-shanghai.myqcloud.com/app_icon/1/lHugNNWo-微信图片_20240305100729.jpg', 0, 0, 0, null, null, null, 1, '2024-12-01 14:20:27', '2024-12-01 14:20:27', 0, 0);


INSERT INTO my_db.app_thumb (id, appId, userId, createTime, updateTime) VALUES (14, 3, 1, '2024-12-01 01:45:57', '2024-12-01 01:45:57');
INSERT INTO my_db.app_thumb (id, appId, userId, createTime, updateTime) VALUES (18, 4, 1, '2024-12-01 02:02:12', '2024-12-01 02:02:12');
INSERT INTO my_db.app_thumb (id, appId, userId, createTime, updateTime) VALUES (19, 1857679359876460546, 1, '2024-12-01 02:02:20', '2024-12-01 02:02:20');


INSERT INTO my_db.question (id, questionContent, appId, userId, createTime, updateTime, isDelete) VALUES (1, '[{"title":"你通常更喜欢","options":[{"result":"I","score":0,"value":"独自工作","key":"A"},{"result":"E","score":0,"value":"与他人合作","key":"B"}]},{"title":"当安排活动时","options":[{"result":"J","score":0,"value":"喜欢有明确的计划","key":"A"},{"result":"P","score":0,"value":"更愿意随机应变","key":"B"}]},{"title":"你如何看待规则","options":[{"result":"T","score":0,"value":"认为应该严格遵守","key":"A"},{"result":"F","score":0,"value":"认为应灵活运用","key":"B"}]},{"title":"在社交场合中","options":[{"result":"E","score":0,"value":"经常是说话的人","key":"A"},{"result":"I","score":0,"value":"更倾向于倾听","key":"B"}]},{"title":"面对新的挑战","options":[{"result":"J","score":0,"value":"先研究再行动","key":"A"},{"result":"P","score":0,"value":"边做边学习","key":"B"}]},{"title":"在日常生活中","options":[{"result":"S","score":0,"value":"注重细节和事实","key":"A"},{"result":"N","score":0,"value":"注重概念和想象","key":"B"}]},{"title":"做决定时","options":[{"result":"T","score":0,"value":"更多基于逻辑分析","key":"A"},{"result":"F","score":0,"value":"更多基于个人情感","key":"B"}]},{"title":"对于日常安排","options":[{"result":"S","score":0,"value":"喜欢有结构和常规","key":"A"},{"result":"N","score":0,"value":"喜欢自由和灵活性","key":"B"}]},{"title":"当遇到问题时","options":[{"result":"P","score":0,"value":"首先考虑可能性","key":"A"},{"result":"J","score":0,"value":"首先考虑后果","key":"B"}]},{"title":"你如何看待时间","options":[{"result":"T","score":0,"value":"时间是一种宝贵的资源","key":"A"},{"result":"F","score":0,"value":"时间是相对灵活的概念","key":"B"}]}]', 1, 1, '2024-11-08 14:22:37', '2024-11-15 15:47:35', 0);
INSERT INTO my_db.question (id, questionContent, appId, userId, createTime, updateTime, isDelete) VALUES (2, '[{"options":[{"score":0,"value":"利马","key":"A"},{"score":0,"value":"圣多明各","key":"B"},{"score":0,"value":"圣萨尔瓦多","key":"C"},{"score":1,"value":"波哥大","key":"D"}],"title":"哥伦比亚的首都是?"},{"options":[{"score":0,"value":"蒙特利尔","key":"A"},{"score":0,"value":"多伦多","key":"B"},{"score":1,"value":"渥太华","key":"C"},{"score":0,"value":"温哥华","key":"D"}],"title":"加拿大的首都是?"},{"options":[{"score":0,"value":"大阪","key":"A"},{"score":1,"value":"东京","key":"B"},{"score":0,"value":"京都","key":"C"},{"score":0,"value":"名古屋","key":"D"}],"title":"日本的首都是?"},{"options":[{"score":0,"value":"墨尔本","key":"A"},{"score":0,"value":"悉尼","key":"B"},{"score":0,"value":"布里斯班","key":"C"},{"score":1,"value":"堪培拉","key":"D"}],"title":"澳大利亚的首都是?"},{"options":[{"score":1,"value":"雅加达","key":"A"},{"score":0,"value":"曼谷","key":"B"},{"score":0,"value":"胡志明市","key":"C"},{"score":0,"value":"吉隆坡","key":"D"}],"title":"印度尼西亚的首都是?"},{"options":[{"score":0,"value":"上海","key":"A"},{"score":0,"value":"杭州","key":"B"},{"score":1,"value":"北京","key":"C"},{"score":0,"value":"广州","key":"D"}],"title":"中国的首都是?"},{"options":[{"score":0,"value":"汉堡","key":"A"},{"score":0,"value":"慕尼黑","key":"B"},{"score":1,"value":"柏林","key":"C"},{"score":0,"value":"科隆","key":"D"}],"title":"德国的首都是?"},{"options":[{"score":0,"value":"釜山","key":"A"},{"score":1,"value":"首尔","key":"B"},{"score":0,"value":"大田","key":"C"},{"score":0,"value":"仁川","key":"D"}],"title":"韩国的首都是?"},{"options":[{"score":0,"value":"瓜达拉哈拉","key":"A"},{"score":0,"value":"蒙特雷","key":"B"},{"score":1,"value":"墨西哥城","key":"C"},{"score":0,"value":"坎昆","key":"D"}],"title":"墨西哥的首都是?"},{"options":[{"score":1,"value":"开罗","key":"A"},{"score":0,"value":"亚历山大","key":"B"},{"score":0,"value":"卢克索","key":"C"},{"score":0,"value":"卡利乌比亚","key":"D"}],"title":"埃及的首都是?"}]', 2, 1, '2024-11-08 14:22:37', '2024-11-08 14:22:37', 0);
INSERT INTO my_db.question (id, questionContent, appId, userId, createTime, updateTime, isDelete) VALUES (3, '[{"title":"你通常更喜欢","options":[{"result":"I","score":0,"value":"独自工作","key":"A"},{"result":"E","score":0,"value":"与他人合作","key":"B"}]},{"title":"当安排活动时","options":[{"result":"J","score":0,"value":"喜欢有明确的计划","key":"A"},{"result":"P","score":0,"value":"更愿意随机应变","key":"B"}]},{"title":"你如何看待规则","options":[{"result":"T","score":0,"value":"认为应该严格遵守","key":"A"},{"result":"F","score":0,"value":"认为应灵活运用","key":"B"}]},{"title":"在社交场合中","options":[{"result":"E","score":0,"value":"经常是说话的人","key":"A"},{"result":"I","score":0,"value":"更倾向于倾听","key":"B"}]},{"title":"面对新的挑战","options":[{"result":"J","score":0,"value":"先研究再行动","key":"A"},{"result":"P","score":0,"value":"边做边学习","key":"B"}]},{"title":"在日常生活中","options":[{"result":"S","score":0,"value":"注重细节和事实","key":"A"},{"result":"N","score":0,"value":"注重概念和想象","key":"B"}]},{"title":"做决定时","options":[{"result":"T","score":0,"value":"更多基于逻辑分析","key":"A"},{"result":"F","score":0,"value":"更多基于个人情感","key":"B"}]},{"title":"对于日常安排","options":[{"result":"S","score":0,"value":"喜欢有结构和常规","key":"A"},{"result":"N","score":0,"value":"喜欢自由和灵活性","key":"B"}]},{"title":"当遇到问题时","options":[{"result":"P","score":0,"value":"首先考虑可能性","key":"A"},{"result":"J","score":0,"value":"首先考虑后果","key":"B"}]},{"title":"你如何看待时间","options":[{"result":"T","score":0,"value":"时间是一种宝贵的资源","key":"A"},{"result":"F","score":0,"value":"时间是相对灵活的概念","key":"B"}]}]', 3, 1, '2024-11-08 14:22:38', '2024-11-16 15:51:50', 0);
INSERT INTO my_db.question (id, questionContent, appId, userId, createTime, updateTime, isDelete) VALUES (4, '[{"options":[{"score":0,"value":"利马","key":"A"},{"score":0,"value":"圣多明各","key":"B"},{"score":0,"value":"圣萨尔瓦多","key":"C"},{"score":1,"value":"波哥大","key":"D"}],"title":"哥伦比亚的首都是?"},{"options":[{"score":0,"value":"蒙特利尔","key":"A"},{"score":0,"value":"多伦多","key":"B"},{"score":1,"value":"渥太华","key":"C"},{"score":0,"value":"温哥华","key":"D"}],"title":"加拿大的首都是?"},{"options":[{"score":0,"value":"大阪","key":"A"},{"score":1,"value":"东京","key":"B"},{"score":0,"value":"京都","key":"C"},{"score":0,"value":"名古屋","key":"D"}],"title":"日本的首都是?"},{"options":[{"score":0,"value":"墨尔本","key":"A"},{"score":0,"value":"悉尼","key":"B"},{"score":0,"value":"布里斯班","key":"C"},{"score":1,"value":"堪培拉","key":"D"}],"title":"澳大利亚的首都是?"},{"options":[{"score":1,"value":"雅加达","key":"A"},{"score":0,"value":"曼谷","key":"B"},{"score":0,"value":"胡志明市","key":"C"},{"score":0,"value":"吉隆坡","key":"D"}],"title":"印度尼西亚的首都是?"},{"options":[{"score":0,"value":"上海","key":"A"},{"score":0,"value":"杭州","key":"B"},{"score":1,"value":"北京","key":"C"},{"score":0,"value":"广州","key":"D"}],"title":"中国的首都是?"},{"options":[{"score":0,"value":"汉堡","key":"A"},{"score":0,"value":"慕尼黑","key":"B"},{"score":1,"value":"柏林","key":"C"},{"score":0,"value":"科隆","key":"D"}],"title":"德国的首都是?"},{"options":[{"score":0,"value":"釜山","key":"A"},{"score":1,"value":"首尔","key":"B"},{"score":0,"value":"大田","key":"C"},{"score":0,"value":"仁川","key":"D"}],"title":"韩国的首都是?"},{"options":[{"score":0,"value":"瓜达拉哈拉","key":"A"},{"score":0,"value":"蒙特雷","key":"B"},{"score":1,"value":"墨西哥城","key":"C"},{"score":0,"value":"坎昆","key":"D"}],"title":"墨西哥的首都是?"},{"options":[{"score":1,"value":"开罗","key":"A"},{"score":0,"value":"亚历山大","key":"B"},{"score":0,"value":"卢克索","key":"C"},{"score":0,"value":"卡利乌比亚","key":"D"}],"title":"埃及的首都是?"}]', 4, 1, '2024-11-08 14:22:38', '2024-11-08 14:22:38', 0);
INSERT INTO my_db.question (id, questionContent, appId, userId, createTime, updateTime, isDelete) VALUES (1857309616896151553, '[{"title":"小黑子吗","options":[{"score":10,"value":"是","key":"A"},{"score":0,"value":"否","key":"B"}]},{"title":"我家哥哥最会干什么","options":[{"score":7,"value":"下蛋","key":"A"},{"score":9,"value":"打篮球","key":"B"}]},{"title":"你练习时长多久了","options":[{"score":5,"value":"1年","key":"A"},{"score":10,"value":"2年半","key":"B"}]}]', 1854848607833026561, 1, '2024-11-15 14:28:14', '2024-11-15 14:29:32', 0);


INSERT INTO my_db.scoring_result (id, resultName, resultDesc, resultPicture, resultProp, resultScoreRange, appId, userId, createTime, updateTime, isDelete) VALUES (1, 'ISTJ（物流师）', '忠诚可靠，被公认为务实，注重细节。', 'icon_url_istj', '["I","S","T","J"]', null, 1, 1, '2024-11-08 14:22:38', '2024-11-13 00:55:40', 0);
INSERT INTO my_db.scoring_result (id, resultName, resultDesc, resultPicture, resultProp, resultScoreRange, appId, userId, createTime, updateTime, isDelete) VALUES (2, 'ISFJ（守护者）', '善良贴心，以同情心和责任为特点。', 'icon_url_isfj', '["I","S","F","J"]', null, 1, 1, '2024-11-08 14:22:38', '2024-11-08 14:22:38', 0);
INSERT INTO my_db.scoring_result (id, resultName, resultDesc, resultPicture, resultProp, resultScoreRange, appId, userId, createTime, updateTime, isDelete) VALUES (3, 'INFJ（占有者）', '理想主义者，有着深刻的洞察力，善于理解他人。', 'icon_url_infj', '["I","N","F","J"]', null, 1, 1, '2024-11-08 14:22:38', '2024-11-08 14:22:38', 0);
INSERT INTO my_db.scoring_result (id, resultName, resultDesc, resultPicture, resultProp, resultScoreRange, appId, userId, createTime, updateTime, isDelete) VALUES (4, 'INTJ（设计师）', '独立思考者，善于规划和实现目标，理性而果断。', 'icon_url_intj', '["I","N","T","J"]', null, 1, 1, '2024-11-08 14:22:38', '2024-11-08 14:22:38', 0);
INSERT INTO my_db.scoring_result (id, resultName, resultDesc, resultPicture, resultProp, resultScoreRange, appId, userId, createTime, updateTime, isDelete) VALUES (5, 'ISTP（运动员）', '冷静自持，善于解决问题，擅长实践技能。', 'icon_url_istp', '["I","S","T","P"]', null, 1, 1, '2024-11-08 14:22:38', '2024-11-08 14:22:38', 0);
INSERT INTO my_db.scoring_result (id, resultName, resultDesc, resultPicture, resultProp, resultScoreRange, appId, userId, createTime, updateTime, isDelete) VALUES (6, 'ISFP（艺术家）', '具有艺术感和敏感性，珍视个人空间和自由。', 'icon_url_isfp', '["I","S","F","P"]', null, 1, 1, '2024-11-08 14:22:38', '2024-11-08 14:22:38', 0);
INSERT INTO my_db.scoring_result (id, resultName, resultDesc, resultPicture, resultProp, resultScoreRange, appId, userId, createTime, updateTime, isDelete) VALUES (7, 'INFP（治愈者）', '理想主义者，富有创造力，以同情心和理解他人著称。', 'icon_url_infp', '["I","N","F","P"]', null, 1, 1, '2024-11-08 14:22:38', '2024-11-08 14:22:38', 0);
INSERT INTO my_db.scoring_result (id, resultName, resultDesc, resultPicture, resultProp, resultScoreRange, appId, userId, createTime, updateTime, isDelete) VALUES (8, 'INTP（学者）', '思维清晰，探索精神，独立思考且理性。', 'icon_url_intp', '["I","N","T","P"]', null, 1, 1, '2024-11-08 14:22:38', '2024-11-08 14:22:38', 0);
INSERT INTO my_db.scoring_result (id, resultName, resultDesc, resultPicture, resultProp, resultScoreRange, appId, userId, createTime, updateTime, isDelete) VALUES (9, 'ESTP（拓荒者）', '敢于冒险，乐于冒险，思维敏捷，行动果断。', 'icon_url_estp', '["E","S","T","P"]', null, 1, 1, '2024-11-08 14:22:38', '2024-11-08 14:22:38', 0);
INSERT INTO my_db.scoring_result (id, resultName, resultDesc, resultPicture, resultProp, resultScoreRange, appId, userId, createTime, updateTime, isDelete) VALUES (10, 'ESFP（表演者）', '热情开朗，善于社交，热爱生活，乐于助人。', 'icon_url_esfp', '["E","S","F","P"]', null, 1, 1, '2024-11-08 14:22:38', '2024-11-08 14:22:38', 0);
INSERT INTO my_db.scoring_result (id, resultName, resultDesc, resultPicture, resultProp, resultScoreRange, appId, userId, createTime, updateTime, isDelete) VALUES (11, 'ENFP（倡导者）', '富有想象力，充满热情，善于激发他人的活力和潜力。', 'icon_url_enfp', '["E","N","F","P"]', null, 1, 1, '2024-11-08 14:22:38', '2024-11-08 14:22:38', 0);
INSERT INTO my_db.scoring_result (id, resultName, resultDesc, resultPicture, resultProp, resultScoreRange, appId, userId, createTime, updateTime, isDelete) VALUES (12, 'ENTP（发明家）', '充满创造力，善于辩论，挑战传统，喜欢探索新领域。', 'icon_url_entp', '["E","N","T","P"]', null, 1, 1, '2024-11-08 14:22:38', '2024-11-08 14:22:38', 0);
INSERT INTO my_db.scoring_result (id, resultName, resultDesc, resultPicture, resultProp, resultScoreRange, appId, userId, createTime, updateTime, isDelete) VALUES (13, 'ESTJ（主管）', '务实果断，善于组织和管理，重视效率和目标。', 'icon_url_estj', '["E","S","T","J"]', null, 1, 1, '2024-11-08 14:22:38', '2024-11-08 14:22:38', 0);
INSERT INTO my_db.scoring_result (id, resultName, resultDesc, resultPicture, resultProp, resultScoreRange, appId, userId, createTime, updateTime, isDelete) VALUES (14, 'ESFJ（尽责者）', '友善热心，以协调、耐心和关怀为特点，善于团队合作。', 'icon_url_esfj', '["E","S","F","J"]', null, 1, 1, '2024-11-08 14:22:38', '2024-11-08 14:22:38', 0);
INSERT INTO my_db.scoring_result (id, resultName, resultDesc, resultPicture, resultProp, resultScoreRange, appId, userId, createTime, updateTime, isDelete) VALUES (15, 'ENFJ（教导着）', '热情关爱，善于帮助他人，具有领导力和社交能力。', 'icon_url_enfj', '["E","N","F","J"]', null, 1, 1, '2024-11-08 14:22:38', '2024-11-08 14:22:38', 0);
INSERT INTO my_db.scoring_result (id, resultName, resultDesc, resultPicture, resultProp, resultScoreRange, appId, userId, createTime, updateTime, isDelete) VALUES (16, 'ENTJ（统帅）', '果断自信，具有领导才能，善于规划和执行目标。', 'icon_url_entj', '["E","N","T","J"]', null, 1, 1, '2024-11-08 14:22:38', '2024-11-08 14:22:38', 0);
INSERT INTO my_db.scoring_result (id, resultName, resultDesc, resultPicture, resultProp, resultScoreRange, appId, userId, createTime, updateTime, isDelete) VALUES (17, '首都知识大师', '你真棒棒哦，首都知识非常出色！', null, null, 9, 2, 1, '2024-11-08 14:22:38', '2024-11-08 14:22:38', 0);
INSERT INTO my_db.scoring_result (id, resultName, resultDesc, resultPicture, resultProp, resultScoreRange, appId, userId, createTime, updateTime, isDelete) VALUES (18, '地理小能手！', '你对于世界各国的首都了解得相当不错，但还有一些小地方需要加强哦！', null, null, 7, 2, 1, '2024-11-08 14:22:38', '2024-11-08 14:22:38', 0);
INSERT INTO my_db.scoring_result (id, resultName, resultDesc, resultPicture, resultProp, resultScoreRange, appId, userId, createTime, updateTime, isDelete) VALUES (19, '继续加油！', '还需努力哦', null, null, 0, 2, 1, '2024-11-08 14:22:38', '2024-11-08 14:22:38', 0);
INSERT INTO my_db.scoring_result (id, resultName, resultDesc, resultPicture, resultProp, resultScoreRange, appId, userId, createTime, updateTime, isDelete) VALUES (1857314223328268289, '小黑子！！', '你对我家哥哥的了解程度不足', '11', '[]', 8, 1854848607833026561, 1, '2024-11-15 14:46:32', '2024-11-15 14:49:01', 0);
INSERT INTO my_db.scoring_result (id, resultName, resultDesc, resultPicture, resultProp, resultScoreRange, appId, userId, createTime, updateTime, isDelete) VALUES (1857316748483825665, '真爱坤', '你对我家哥哥太爱了', '', null, 15, 1854848607833026561, 1, '2024-11-15 14:56:34', '2024-11-15 14:56:34', 0);
INSERT INTO my_db.scoring_result (id, resultName, resultDesc, resultPicture, resultProp, resultScoreRange, appId, userId, createTime, updateTime, isDelete) VALUES (1862787821769740290, '英语达人', '您的英语水平非常高', 'todo', null, 90, 1857679359876460546, 1, '2024-11-30 17:16:40', '2024-11-30 21:45:13', 1);


INSERT INTO my_db.user (id, userAccount, userPassword, unionId, mpOpenId, userName, userAvatar, userProfile, userRole, createTime, updateTime, isDelete) VALUES (1, 'jerry', '271862a0265254c3bbc2d8e630fd3085', null, null, 'Jerry', 'https://k.sinaimg.cn/n/sinakd20110/560/w1080h1080/20230930/915d-f3d7b580c33632b191e19afa0a858d31.jpg/w700d1q75cms.jpg', '这是我们小组的大作业', 'admin', '2024-11-08 11:13:13', '2024-11-11 01:29:43', 0);
INSERT INTO my_db.user (id, userAccount, userPassword, unionId, mpOpenId, userName, userAvatar, userProfile, userRole, createTime, updateTime, isDelete) VALUES (1854848324843335681, 'dogjerry', '271862a0265254c3bbc2d8e630fd3085', null, null, 'aaa', null, 'TOBEFinish', 'user', '2024-11-08 19:27:56', '2024-11-12 15:26:44', 0);
INSERT INTO my_db.user (id, userAccount, userPassword, unionId, mpOpenId, userName, userAvatar, userProfile, userRole, createTime, updateTime, isDelete) VALUES (1855275180520251394, 'doggy', '271862a0265254c3bbc2d8e630fd3085', null, null, null, null, null, 'user', '2024-11-09 23:44:07', '2024-11-10 23:22:01', 1);


INSERT INTO my_db.user_answer (id, appId, appType, scoringStrategy, choices, resultId, resultName, resultDesc, resultPicture, resultScore, userId, createTime, updateTime, isDelete) VALUES (1, 1, 1, 0, '["A","A","A","B","A","A","A","B","B","A"]', 1, 'ISTJ（物流师）', '忠诚可靠，被公认为务实，注重细节。', 'icon_url_istj', null, 1, '2024-11-08 14:22:38', '2024-11-08 14:22:38', 0);
INSERT INTO my_db.user_answer (id, appId, appType, scoringStrategy, choices, resultId, resultName, resultDesc, resultPicture, resultScore, userId, createTime, updateTime, isDelete) VALUES (2, 2, 0, 0, '["D","C","B","D","A","C","C","B","C","A"]', 17, '首都知识大师', '你真棒棒哦，首都知识非常出色！', null, 10, 1, '2024-11-08 14:22:38', '2024-11-08 14:22:38', 0);
INSERT INTO my_db.user_answer (id, appId, appType, scoringStrategy, choices, resultId, resultName, resultDesc, resultPicture, resultScore, userId, createTime, updateTime, isDelete) VALUES (1854942587845230594, 1, 1, 0, '["A","B"]', 1, 'ISTJ（物流师）', '忠诚可靠，被公认为务实，注重细节。', 'icon_url_istj', null, 1, '2024-11-09 01:42:30', '2024-11-09 01:42:31', 0);
INSERT INTO my_db.user_answer (id, appId, appType, scoringStrategy, choices, resultId, resultName, resultDesc, resultPicture, resultScore, userId, createTime, updateTime, isDelete) VALUES (1854942867206848513, 2, 0, 0, '["A","B","A","B","A","B"]', 17, '首都知识大师', '你真棒棒哦，首都知识非常出色！', null, 12, 1, '2024-11-09 01:43:37', '2024-11-09 01:43:37', 0);
INSERT INTO my_db.user_answer (id, appId, appType, scoringStrategy, choices, resultId, resultName, resultDesc, resultPicture, resultScore, userId, createTime, updateTime, isDelete) VALUES (1857331468213358593, 1, 1, 0, '["A","B","B","A","B","B","A","B","B","A"]', 8, 'INTP（学者）', '思维清晰，探索精神，独立思考且理性。', 'icon_url_intp', null, 1, '2024-11-15 15:55:04', '2024-11-15 15:55:04', 0);
INSERT INTO my_db.user_answer (id, appId, appType, scoringStrategy, choices, resultId, resultName, resultDesc, resultPicture, resultScore, userId, createTime, updateTime, isDelete) VALUES (1857692581304193026, 3, 1, 1, '["A","B","B","B","B","A","B","A","B","B"]', null, '稳健协调型（ISFJ）', '根据你的回答，你被评估为稳健协调型（ISFJ）。你是一个忠诚、有责任心的人，喜欢有序和安排好的环境。你通常更喜欢安静和独处，对于规则和结构持有尊重的态度。在社交场合中，你虽然不是最活跃的，但能够与人和谐相处。面对新的挑战时，你更倾向于谨慎行事，确保一切稳妥。在日常生活中，你偏向于有序和计划性，喜欢事先知道会发生什么。做决定时，你会考虑各种可能性，力求周全。对于日常安排，你希望能够提前规划，以避免不确定性和混乱。当遇到问题时，你会认真分析，寻找合适的解决方案。你对时间非常重视，认为它是应该被合理利用的资源。总的来说，你是一个细心、体贴，且注重细节的人，适合从事需要这些品质的职业。', null, null, 1, '2024-11-16 15:50:00', '2024-11-16 15:50:16', 0);
INSERT INTO my_db.user_answer (id, appId, appType, scoringStrategy, choices, resultId, resultName, resultDesc, resultPicture, resultScore, userId, createTime, updateTime, isDelete) VALUES (1858027485111922689, 3, 1, 1, '["B","B","B","B","B","B","B","B","B","B"]', null, '协调型实践者', '根据用户的回答，显示出协调型实践者的特点。这类用户倾向于在实际活动中寻找乐趣，喜欢组织和参与活动，注重规则但同时也能灵活应对。在社交场合中，他们通常是团队中的协调者，能够很好地与他人合作。面对新的挑战时，他们愿意采取行动并从中学习。在日常生活中，他们喜欢有计划和组织，做决定时考虑周到，同时也会关注细节。对于日常安排，他们倾向于有序和计划性，遇到问题时能够实际解决问题。此外，他们对时间有较好的管理能力，能够有效平衡工作和休闲。总体来说，这是一个既实际又具有合作精神的类型，能够在团队中发挥重要作用。', null, null, 1, '2024-11-17 14:00:47', '2024-11-17 14:00:54', 0);
INSERT INTO my_db.user_answer (id, appId, appType, scoringStrategy, choices, resultId, resultName, resultDesc, resultPicture, resultScore, userId, createTime, updateTime, isDelete) VALUES (1858027566867296257, 3, 1, 1, '["B","B","B","B","B","B","B","B","B","B"]', null, '协调型实践者', '根据用户的回答，显示出协调型实践者的特点。这类用户倾向于在实际活动中寻找乐趣，喜欢组织和参与活动，注重规则但同时也能灵活应对。在社交场合中，他们通常是团队中的协调者，能够很好地与他人合作。面对新的挑战时，他们愿意采取行动并从中学习。在日常生活中，他们喜欢有计划和组织，做决定时考虑周到，同时也会关注细节。对于日常安排，他们倾向于有序和计划性，遇到问题时能够实际解决问题。此外，他们对时间有较好的管理能力，能够有效平衡工作和休闲。总体来说，这是一个既实际又具有合作精神的类型，能够在团队中发挥重要作用。', null, null, 1, '2024-11-17 14:01:07', '2024-11-17 14:01:07', 0);
INSERT INTO my_db.user_answer (id, appId, appType, scoringStrategy, choices, resultId, resultName, resultDesc, resultPicture, resultScore, userId, createTime, updateTime, isDelete) VALUES (1858061992003747840, 2, 0, 0, '["D","D","D","D","D","D","D","D","D","D"]', 17, '首都知识大师', '你真棒棒哦，首都知识非常出色！', null, 20, 1, '2024-11-17 16:18:11', '2024-11-17 16:18:11', 0);
INSERT INTO my_db.user_answer (id, appId, appType, scoringStrategy, choices, resultId, resultName, resultDesc, resultPicture, resultScore, userId, createTime, updateTime, isDelete) VALUES (1858088832609099776, 1, 1, 0, '["A","B","B","B","B","A","B","B","A","A"]', 6, 'ISFP（艺术家）', '具有艺术感和敏感性，珍视个人空间和自由。', 'icon_url_isfp', null, 1, '2024-11-17 18:04:44', '2024-11-17 18:04:44', 0);
INSERT INTO my_db.user_answer (id, appId, appType, scoringStrategy, choices, resultId, resultName, resultDesc, resultPicture, resultScore, userId, createTime, updateTime, isDelete) VALUES (1860573065554538496, 1, 1, 0, '["A","B","B","B","B","B","B","B","B","B"]', 7, 'INFP（治愈者）', '理想主义者，富有创造力，以同情心和理解他人著称。', 'icon_url_infp', null, 1, '2024-11-24 14:36:20', '2024-11-24 14:36:21', 0);
INSERT INTO my_db.user_answer (id, appId, appType, scoringStrategy, choices, resultId, resultName, resultDesc, resultPicture, resultScore, userId, createTime, updateTime, isDelete) VALUES (1862779459162689536, 4, 0, 1, '["C","C","D","C","B","D","D","D","B","C"]', null, '首都知识大师', '用户在本次首都知识测试中表现出色，回答问题的准确率非常高，显示出其对世界各国首都的熟知程度。在所有的题目中，用户的回答均显示出其对各国首都的精确记忆。这种对地理知识的深入理解和记忆是值得赞扬的。鉴于用户的表现，可以得出结论，用户在地理知识和首都信息方面具备扎实的知识基础和良好的学习成果。继续保持并深化这种知识，将对用户的学习和认知发展大有裨益。', null, null, 1, '2024-11-30 16:43:36', '2024-11-30 16:49:52', 0);
INSERT INTO my_db.user_answer (id, appId, appType, scoringStrategy, choices, resultId, resultName, resultDesc, resultPicture, resultScore, userId, createTime, updateTime, isDelete) VALUES (1862781087718682624, 4, 0, 0, '["B","D","D","D","C","B","A","C","D","D"]', null, null, null, null, null, 1, '2024-11-30 16:50:31', '2024-11-30 16:50:31', 0);
INSERT INTO my_db.user_answer (id, appId, appType, scoringStrategy, choices, resultId, resultName, resultDesc, resultPicture, resultScore, userId, createTime, updateTime, isDelete) VALUES (1862781660471865344, 3, 1, 1, '["A","B","B","B","B","B","B","B","B","B"]', null, '稳重协调型', '根据用户的回答，显示出稳重协调的性格特征。用户倾向于选择B选项，表明在社交场合中较为稳重，注重规则和计划，喜欢有序的生活安排。在面对新的挑战时，也能够保持冷静，按照既定的步骤行事。这种性格类型的人通常被认为是可靠和负责任的，他们善于规划并遵循时间表，能够在日常生活中保持条理性和稳定性。同时，他们也展现出一定的团队合作精神，能够在群体中发挥积极作用，确保活动的顺利进行。总体来说，稳重协调型的人能够在大多数情况下保持平衡，是值得信赖的伙伴和高效的工作者。', null, null, 1, '2024-11-30 16:52:17', '2024-11-30 16:52:22', 0);
INSERT INTO my_db.user_answer (id, appId, appType, scoringStrategy, choices, resultId, resultName, resultDesc, resultPicture, resultScore, userId, createTime, updateTime, isDelete) VALUES (1862782385411063808, 4, 0, 1, '["D","D","D","D","C","C","D","D","D","B"]', null, '地理知识达人', '经过对题目回答的仔细分析，用户在首都知识方面表现出了相当高的水平。在提供的题目列表中，用户大多数回答正确，尤其是在面对一些较为冷门的首都问题时，如哥伦比亚和印度尼西亚的首都，也能准确回答。这表明用户具有较为扎实的地理知识基础，对世界各国的首都信息掌握得相当全面。当然，仍有少数题目用户的回答有待提高，但这并不影响整体优秀的表现。建议用户继续保持并加强学习，未来在地理知识领域有望成为真正的专家。', null, null, 1, '2024-11-30 16:56:16', '2024-11-30 16:59:10', 0);
INSERT INTO my_db.user_answer (id, appId, appType, scoringStrategy, choices, resultId, resultName, resultDesc, resultPicture, resultScore, userId, createTime, updateTime, isDelete) VALUES (1862783676854042624, 4, 0, 1, '["D","D","D","D","D","D","D","D","D","D"]', null, '地理知识掌握评价', '根据用户回答的测试结果，可以看出用户在地理首都知识方面有一定的基础，但是所有题目的回答都是相同的，这可能表明用户在这些问题上的知识并不扎实，或者是在测试中采取了猜测的策略。建议用户在回答问题时能够仔细思考，确保回答的准确性。如果用户的回答是随机的或者只是猜测，那么在未来的学习中，用户应该加强对世界各国首都的记忆。总体来说，这个评价结果反映了用户在地理首都知识方面有提升的空间，需要进一步学习和巩固相关知识。', null, null, 1, '2024-11-30 17:00:31', '2024-11-30 17:00:36', 0);
INSERT INTO my_db.user_answer (id, appId, appType, scoringStrategy, choices, resultId, resultName, resultDesc, resultPicture, resultScore, userId, createTime, updateTime, isDelete) VALUES (1863589481559990272, 4, 0, 1, '["B","C","C","B","B","B","D","D","C","D"]', null, '地理知识小能手', '通过对用户回答的分析，可以看出用户在地理知识方面有着不错的掌握。在所有的首都相关题目中，用户的回答显示出其对多个国家首都的熟悉程度。尽管我们没有具体的答案来验证每个题目的正确性，但用户的回答一致性表明他具备一定的地理常识。希望用户在未来的学习中继续保持这种积极探索的态度，并不断提高自己的知识水平。', null, null, 1, '2024-12-02 22:22:25', '2024-12-02 22:23:41', 0);

